{"accuracy": 0.8888888888888888, "feature_importances": [0.19655398924080886, 0.17121256320480174, 0.052708007477242705, 0.130973040138731, 0.15543231099555366, 0.05636474922753315, 0.23675533971532886]}